{
  "created_at": "2025-12-10T23:46:31.253065",
  "total_ratings": 918,
  "n_users": 10,
  "n_products": 109,
  "avg_rating": 4.650326797385621,
  "rating_distribution": {
    "5": 712,
    "4": 126,
    "3": 56,
    "2": 13,
    "1": 11
  }
}