{
  "load_search": [
    {
      "minute": 1,
      "stats": {
        "total_requests": 2325,
        "successful_requests": 2325,
        "failed_requests": 0,
        "error_rate": 0.0,
        "avg_ms": 25.789972428352602,
        "min_ms": 12.499809265136719,
        "max_ms": 169.54660415649414,
        "throughput": 38.74
      },
      "timestamp": "2025-12-11T08:57:21.946707"
    }
  ]
}