{
  "stress_login": {
    "stats": {
      "total_requests": 1000,
      "successful_requests": 1000,
      "failed_requests": 0,
      "error_rate": 0.0,
      "avg_ms": 2244.810481071472,
      "min_ms": 833.5003852844238,
      "max_ms": 4132.476806640625,
      "throughput": 21.94
    },
    "timestamp": "2025-12-12T12:11:25.984992"
  }
}