{
  "stress_login": {
    "stats": {
      "total_requests": 300,
      "successful_requests": 300,
      "failed_requests": 0,
      "error_rate": 0.0,
      "avg_ms": 2022.7181005477905,
      "min_ms": 754.4870376586914,
      "max_ms": 3682.737350463867,
      "throughput": 23.49
    },
    "timestamp": "2025-12-12T12:10:48.807414"
  }
}